sample_id,section,model,CER_percent,character_errors,reference_characters,seconds,wav
3584,systems,polestar,0.0,0,28,9.04,audio/03584__polestar.wav
3584,systems,everbright,0.0,0,29,8.96,audio/03584__everbright.wav
3584,systems,aemeath,0.0,0,28,8.88,audio/03584__aemeath.wav
3584,systems,feedback,0.0,0,29,8.16,audio/03584__feedback.wav
3584,systems,base,25.0,7,28,8.08,audio/03584__base.wav
3584,systems,index_tn,34.4828,10,29,8.382,audio/03584__index_tn.wav
3584,systems,index_raw,53.5714,15,28,7.326,audio/03584__index_raw.wav
3584,systems,cosy,27.5862,8,29,8.28,audio/03584__cosy.wav
3584,systems,vox,82.7586,24,29,8.48,audio/03584__vox.wav
3584,systems,fire,24.1379,7,29,8.16,audio/03584__fire.wav
3584,systems,xtts,24.1379,7,29,7.189,audio/03584__xtts.wav
10,systems,polestar,0.0,0,103,30.16,audio/00010__polestar.wav
10,systems,everbright,0.0,0,103,28.0,audio/00010__everbright.wav
10,systems,aemeath,0.0,0,103,27.04,audio/00010__aemeath.wav
10,systems,feedback,0.0,0,103,27.76,audio/00010__feedback.wav
10,systems,base,6.7961,7,103,20.8,audio/00010__base.wav
10,systems,index_tn,24.2718,25,103,25.997,audio/00010__index_tn.wav
10,systems,index_raw,33.9806,35,103,23.722,audio/00010__index_raw.wav
10,systems,cosy,5.8252,6,103,26.32,audio/00010__cosy.wav
10,systems,vox,23.301,24,103,23.04,audio/00010__vox.wav
10,systems,fire,19.4175,20,103,21.44,audio/00010__fire.wav
10,systems,xtts,5.8252,6,103,25.12,audio/00010__xtts.wav
7775,systems,polestar,0.0,0,64,17.76,audio/07775__polestar.wav
7775,systems,everbright,0.0,0,64,16.24,audio/07775__everbright.wav
7775,systems,aemeath,0.0,0,64,14.96,audio/07775__aemeath.wav
7775,systems,feedback,0.0,0,64,16.32,audio/07775__feedback.wav
7775,systems,base,37.5,24,64,18.24,audio/07775__base.wav
7775,systems,index_tn,54.6875,35,64,19.577,audio/07775__index_tn.wav
7775,systems,index_raw,76.5625,49,64,21.121,audio/07775__index_raw.wav
7775,systems,cosy,37.5,24,64,24.76,audio/07775__cosy.wav
7775,systems,vox,37.5,24,64,20.96,audio/07775__vox.wav
7775,systems,fire,43.75,28,64,17.55,audio/07775__fire.wav
7775,systems,xtts,53.125,34,64,18.795,audio/07775__xtts.wav
8914,systems,polestar,0.0,0,121,27.84,audio/08914__polestar.wav
8914,systems,everbright,0.0,0,121,30.96,audio/08914__everbright.wav
8914,systems,aemeath,0.0,0,121,23.84,audio/08914__aemeath.wav
8914,systems,feedback,0.0,0,121,36.08,audio/08914__feedback.wav
8914,systems,base,43.8017,53,121,32.0,audio/08914__base.wav
8914,systems,index_tn,52.8926,64,121,40.213,audio/08914__index_tn.wav
8914,systems,index_raw,65.2893,79,121,32.574,audio/08914__index_raw.wav
8914,systems,cosy,57.0248,69,121,53.52,audio/08914__cosy.wav
8914,systems,vox,50.4132,61,121,28.96,audio/08914__vox.wav
8914,systems,fire,28.9256,35,121,26.88,audio/08914__fire.wav
8914,systems,xtts,19.8347,24,121,31.093,audio/08914__xtts.wav
5251,systems,polestar,0.0,0,56,14.0,audio/05251__polestar.wav
5251,systems,everbright,0.0,0,55,13.68,audio/05251__everbright.wav
5251,systems,aemeath,0.0,0,55,13.36,audio/05251__aemeath.wav
5251,systems,feedback,0.0,0,56,14.72,audio/05251__feedback.wav
5251,systems,base,9.0909,5,55,13.36,audio/05251__base.wav
5251,systems,index_tn,16.0714,9,56,15.223,audio/05251__index_tn.wav
5251,systems,index_raw,30.3571,17,56,15.084,audio/05251__index_raw.wav
5251,systems,cosy,1.7857,1,56,15.84,audio/05251__cosy.wav
5251,systems,vox,1.8182,1,55,12.8,audio/05251__vox.wav
5251,systems,fire,5.4545,3,55,12.64,audio/05251__fire.wav
5251,systems,xtts,7.2727,4,55,13.504,audio/05251__xtts.wav
9518,systems,polestar,0.0,0,112,24.56,audio/09518__polestar.wav
9518,systems,everbright,0.0,0,112,25.52,audio/09518__everbright.wav
9518,systems,aemeath,0.0,0,112,25.44,audio/09518__aemeath.wav
9518,systems,feedback,0.0,0,112,27.04,audio/09518__feedback.wav
9518,systems,base,3.5714,4,112,24.0,audio/09518__base.wav
9518,systems,index_tn,13.3929,15,112,28.403,audio/09518__index_tn.wav
9518,systems,index_raw,25.8929,29,112,26.476,audio/09518__index_raw.wav
9518,systems,cosy,3.5714,4,112,30.12,audio/09518__cosy.wav
9518,systems,vox,1.7857,2,112,29.6,audio/09518__vox.wav
9518,systems,fire,0.8929,1,112,25.71,audio/09518__fire.wav
9518,systems,xtts,11.6071,13,112,25.579,audio/09518__xtts.wav
5741,systems,polestar,0.0,0,69,17.12,audio/05741__polestar.wav
5741,systems,everbright,0.0,0,69,17.04,audio/05741__everbright.wav
5741,systems,aemeath,0.0,0,69,15.76,audio/05741__aemeath.wav
5741,systems,feedback,0.0,0,69,15.52,audio/05741__feedback.wav
5741,systems,base,2.8986,2,69,17.04,audio/05741__base.wav
5741,systems,index_tn,8.6957,6,69,18.741,audio/05741__index_tn.wav
5741,systems,index_raw,28.9855,20,69,18.66,audio/05741__index_raw.wav
5741,systems,cosy,1.4493,1,69,18.4,audio/05741__cosy.wav
5741,systems,vox,7.2464,5,69,17.12,audio/05741__vox.wav
5741,systems,fire,1.4493,1,69,15.52,audio/05741__fire.wav
5741,systems,xtts,1.4493,1,69,14.848,audio/05741__xtts.wav
7352,systems,polestar,0.0,0,94,26.72,audio/07352__polestar.wav
7352,systems,everbright,0.0,0,94,25.2,audio/07352__everbright.wav
7352,systems,aemeath,0.0,0,94,26.08,audio/07352__aemeath.wav
7352,systems,feedback,0.0,0,94,25.6,audio/07352__feedback.wav
7352,systems,base,4.2553,4,94,21.6,audio/07352__base.wav
7352,systems,index_tn,9.5745,9,94,24.569,audio/07352__index_tn.wav
7352,systems,index_raw,26.5957,25,94,23.037,audio/07352__index_raw.wav
7352,systems,cosy,7.4468,7,94,23.4,audio/07352__cosy.wav
7352,systems,vox,11.7021,11,94,32.0,audio/07352__vox.wav
7352,systems,fire,6.383,6,94,21.55,audio/07352__fire.wav
7352,systems,xtts,17.0213,16,94,23.765,audio/07352__xtts.wav
8877,systems,polestar,0.0,0,103,26.56,audio/08877__polestar.wav
8877,systems,everbright,0.0,0,103,25.36,audio/08877__everbright.wav
8877,systems,aemeath,0.0,0,103,24.96,audio/08877__aemeath.wav
8877,systems,feedback,0.0,0,103,24.48,audio/08877__feedback.wav
8877,systems,base,8.7379,9,103,24.56,audio/08877__base.wav
8877,systems,index_tn,17.4757,18,103,29.527,audio/08877__index_tn.wav
8877,systems,index_raw,31.068,32,103,24.526,audio/08877__index_raw.wav
8877,systems,cosy,12.6214,13,103,31.04,audio/08877__cosy.wav
8877,systems,vox,1.9417,2,103,26.88,audio/08877__vox.wav
8877,systems,fire,2.9126,3,103,23.31,audio/08877__fire.wav
8877,systems,xtts,6.7961,7,103,20.245,audio/08877__xtts.wav
5074,systems,polestar,0.0,0,70,17.28,audio/05074__polestar.wav
5074,systems,everbright,0.0,0,70,16.56,audio/05074__everbright.wav
5074,systems,aemeath,0.0,0,70,17.12,audio/05074__aemeath.wav
5074,systems,feedback,0.0,0,70,17.44,audio/05074__feedback.wav
5074,systems,base,7.1429,5,70,17.44,audio/05074__base.wav
5074,systems,index_tn,8.5714,6,70,17.708,audio/05074__index_tn.wav
5074,systems,index_raw,18.5714,13,70,20.75,audio/05074__index_raw.wav
5074,systems,cosy,4.2857,3,70,18.12,audio/05074__cosy.wav
5074,systems,vox,1.4286,1,70,16.64,audio/05074__vox.wav
5074,systems,fire,2.8571,2,70,15.84,audio/05074__fire.wav
5074,systems,xtts,2.8571,2,70,15.915,audio/05074__xtts.wav
6014,systems,polestar,0.0,0,81,17.04,audio/06014__polestar.wav
6014,systems,everbright,0.0,0,81,17.92,audio/06014__everbright.wav
6014,systems,aemeath,0.0,0,81,16.96,audio/06014__aemeath.wav
6014,systems,feedback,0.0,0,81,17.68,audio/06014__feedback.wav
6014,systems,base,3.7037,3,81,14.0,audio/06014__base.wav
6014,systems,index_tn,7.4074,6,81,16.082,audio/06014__index_tn.wav
6014,systems,index_raw,24.6914,20,81,18.497,audio/06014__index_raw.wav
6014,systems,cosy,1.2346,1,81,14.88,audio/06014__cosy.wav
6014,systems,vox,3.7037,3,81,15.84,audio/06014__vox.wav
6014,systems,fire,1.2346,1,81,15.31,audio/06014__fire.wav
6014,systems,xtts,34.5679,28,81,18.603,audio/06014__xtts.wav
3391,systems,polestar,0.0,0,74,21.2,audio/03391__polestar.wav
3391,systems,everbright,0.0,0,74,19.84,audio/03391__everbright.wav
3391,systems,aemeath,0.0,0,74,19.76,audio/03391__aemeath.wav
3391,systems,feedback,0.0,0,74,17.2,audio/03391__feedback.wav
3391,systems,base,40.5405,30,74,11.52,audio/03391__base.wav
3391,systems,index_tn,35.1351,26,74,22.854,audio/03391__index_tn.wav
3391,systems,index_raw,36.4865,27,74,20.729,audio/03391__index_raw.wav
3391,systems,cosy,43.2432,32,74,22.96,audio/03391__cosy.wav
3391,systems,vox,18.9189,14,74,18.24,audio/03391__vox.wav
3391,systems,fire,9.4595,7,74,16.64,audio/03391__fire.wav
3391,systems,xtts,28.3784,21,74,18.293,audio/03391__xtts.wav
9137,ablations,polestar,0.0,0,54,14.8,audio/09137__polestar.wav
9137,ablations,base,22.2222,12,54,14.0,audio/09137__base.wav
9137,ablations,aemeath,7.4074,4,54,14.32,audio/09137__aemeath.wav
9137,ablations,everbright,3.7037,2,54,13.04,audio/09137__everbright.wav
9137,ablations,control,9.2593,5,54,15.04,audio/09137__control.wav
9137,ablations,feedback,5.5556,3,54,14.96,audio/09137__feedback.wav
1687,ablations,polestar,0.0,0,68,16.48,audio/01687__polestar.wav
1687,ablations,base,16.1765,11,68,15.6,audio/01687__base.wav
1687,ablations,aemeath,16.1765,11,68,14.56,audio/01687__aemeath.wav
1687,ablations,everbright,7.4627,5,67,16.56,audio/01687__everbright.wav
1687,ablations,control,4.4776,3,67,16.72,audio/01687__control.wav
1687,ablations,feedback,4.5455,3,66,17.92,audio/01687__feedback.wav
3546,ablations,polestar,0.0,0,89,26.64,audio/03546__polestar.wav
3546,ablations,base,38.2022,34,89,24.64,audio/03546__base.wav
3546,ablations,aemeath,7.8652,7,89,20.08,audio/03546__aemeath.wav
3546,ablations,everbright,7.8652,7,89,22.24,audio/03546__everbright.wav
3546,ablations,control,7.8652,7,89,26.32,audio/03546__control.wav
3546,ablations,feedback,3.3708,3,89,25.84,audio/03546__feedback.wav
2383,ablations,polestar,0.0,0,66,20.32,audio/02383__polestar.wav
2383,ablations,base,12.1212,8,66,16.16,audio/02383__base.wav
2383,ablations,aemeath,12.1212,8,66,19.2,audio/02383__aemeath.wav
2383,ablations,everbright,12.1212,8,66,20.08,audio/02383__everbright.wav
2383,ablations,control,6.0606,4,66,21.92,audio/02383__control.wav
2383,ablations,feedback,21.2121,14,66,25.12,audio/02383__feedback.wav
9000,ablations,polestar,0.0,0,80,24.56,audio/09000__polestar.wav
9000,ablations,base,5.0,4,80,17.12,audio/09000__base.wav
9000,ablations,aemeath,5.0,4,80,21.68,audio/09000__aemeath.wav
9000,ablations,everbright,6.25,5,80,20.0,audio/09000__everbright.wav
9000,ablations,control,5.0,4,80,20.72,audio/09000__control.wav
9000,ablations,feedback,7.5,6,80,22.8,audio/09000__feedback.wav
7086,ablations,polestar,0.0,0,106,27.12,audio/07086__polestar.wav
7086,ablations,base,10.3774,11,106,22.72,audio/07086__base.wav
7086,ablations,aemeath,6.5421,7,107,23.6,audio/07086__aemeath.wav
7086,ablations,everbright,1.8692,2,107,27.36,audio/07086__everbright.wav
7086,ablations,control,28.972,31,107,23.84,audio/07086__control.wav
7086,ablations,feedback,0.9346,1,107,26.96,audio/07086__feedback.wav
9764,ablations,polestar,0.0,0,80,26.8,audio/09764__polestar.wav
9764,ablations,base,21.519,17,79,22.0,audio/09764__base.wav
9764,ablations,aemeath,5.0,4,80,21.12,audio/09764__aemeath.wav
9764,ablations,everbright,2.5,2,80,24.56,audio/09764__everbright.wav
9764,ablations,control,3.75,3,80,22.64,audio/09764__control.wav
9764,ablations,feedback,3.75,3,80,23.84,audio/09764__feedback.wav
6729,ablations,polestar,0.0,0,80,28.8,audio/06729__polestar.wav
6729,ablations,base,5.0,4,80,21.68,audio/06729__base.wav
6729,ablations,aemeath,2.5,2,80,30.48,audio/06729__aemeath.wav
6729,ablations,everbright,1.25,1,80,29.52,audio/06729__everbright.wav
6729,ablations,control,5.0,4,80,30.0,audio/06729__control.wav
6729,ablations,feedback,1.25,1,80,28.8,audio/06729__feedback.wav
